model,scaffold,arm,item_id,sample_idx,gold_verdict,role_id,role_stake,group_verdict,synthesis_verdict,r3_label,r3_label_parsed,r3_objection_kind,r3_objection_len,objected_r3,objection_unstated,modification_addressed,vote,reject,vote_parsed,revised_r4,stake_undermined,finish_reason,truncated,output_len
grok-4-1-fast-reasoning,dilemma_ncot,neutral,00ZYuB3piX02zlQzL0N4GN5JvJ127YnJ,0,ACTION_A,person_a_advocate,ACTION_B,ACTION_B,ACTION_B,ACCEPT,1,,0,0,0,0,ACCEPT,0,1,0,0,stop,0,499
grok-4-1-fast-reasoning,dilemma_ncot,neutral,00ZYuB3piX02zlQzL0N4GN5JvJ127YnJ,0,ACTION_A,person_b_advocate,ACTION_A,ACTION_B,ACTION_B,REJECT,1,unresolvable,286,1,0,1,REJECT,1,1,0,1,stop,0,676
grok-4-1-fast-reasoning,dilemma_ncot,neutral,00ZYuB3piX02zlQzL0N4GN5JvJ127YnJ,0,ACTION_A,neutral_adjudicator,none,ACTION_B,ACTION_B,ACCEPT,1,,0,0,0,0,ACCEPT,0,1,0,0,stop,0,522
grok-4-1-fast-reasoning,dilemma_ncot,neutral,00N0vsNcr6o94VuWVe4Nm176ezlFBt4n,0,ACTION_A,person_a_advocate,ACTION_B,ACTION_A,ACTION_A,REJECT,1,unresolvable,218,1,0,1,REJECT,1,1,0,1,stop,0,651
grok-4-1-fast-reasoning,dilemma_ncot,neutral,00N0vsNcr6o94VuWVe4Nm176ezlFBt4n,0,ACTION_A,person_b_advocate,ACTION_A,ACTION_A,ACTION_A,ACCEPT,1,,0,0,0,0,ACCEPT,0,1,0,0,stop,0,650
grok-4-1-fast-reasoning,dilemma_ncot,neutral,00N0vsNcr6o94VuWVe4Nm176ezlFBt4n,0,ACTION_A,neutral_adjudicator,none,ACTION_A,ACTION_A,ACCEPT,1,,0,0,0,0,ACCEPT,0,1,0,0,stop,0,487
grok-4-1-fast-reasoning,dilemma_ncot,neutral,00sTPdQET3i1uMjbkt8a8RmirDxWE46f,0,ACTION_A,person_a_advocate,ACTION_B,ACTION_A,ACTION_A,REJECT,1,unresolvable,202,1,0,1,REJECT,1,1,0,1,stop,0,717
grok-4-1-fast-reasoning,dilemma_ncot,neutral,00sTPdQET3i1uMjbkt8a8RmirDxWE46f,0,ACTION_A,person_b_advocate,ACTION_A,ACTION_A,ACTION_A,ACCEPT,1,,0,0,0,0,ACCEPT,0,1,0,0,stop,0,488
grok-4-1-fast-reasoning,dilemma_ncot,neutral,00sTPdQET3i1uMjbkt8a8RmirDxWE46f,0,ACTION_A,neutral_adjudicator,none,ACTION_A,ACTION_A,ACCEPT,1,,0,0,0,0,ACCEPT,0,1,0,0,stop,0,587
grok-4-1-fast-reasoning,dilemma_ncot,neutral,007MXqpMcKlwizeIdXOKsK1l3625x1zs,0,ACTION_A,person_a_advocate,ACTION_B,ACTION_A,ACTION_B,ACCEPT,1,,0,0,0,0,REJECT,1,1,0,1,stop,0,567
grok-4-1-fast-reasoning,dilemma_ncot,neutral,007MXqpMcKlwizeIdXOKsK1l3625x1zs,0,ACTION_A,person_b_advocate,ACTION_A,ACTION_A,ACTION_B,REJECT,1,unresolvable,246,1,0,1,ACCEPT,0,1,1,0,stop,0,555
grok-4-1-fast-reasoning,dilemma_ncot,neutral,007MXqpMcKlwizeIdXOKsK1l3625x1zs,0,ACTION_A,neutral_adjudicator,none,ACTION_A,ACTION_B,REJECT,1,unresolvable,288,1,0,1,REJECT,1,1,0,0,stop,0,704
grok-4-1-fast-reasoning,dilemma_ncot,neutral,02HqZX6thKKG3hpY0JChvMuQboCLWO7Q,0,ACTION_A,person_a_advocate,ACTION_B,ACTION_A,ACTION_A,REJECT,1,unresolvable,409,1,0,1,REJECT,1,1,0,1,stop,0,690
grok-4-1-fast-reasoning,dilemma_ncot,neutral,02HqZX6thKKG3hpY0JChvMuQboCLWO7Q,0,ACTION_A,person_b_advocate,ACTION_A,ACTION_A,ACTION_A,ACCEPT,1,,0,0,0,1,ACCEPT,0,1,0,0,stop,0,471
grok-4-1-fast-reasoning,dilemma_ncot,neutral,02HqZX6thKKG3hpY0JChvMuQboCLWO7Q,0,ACTION_A,neutral_adjudicator,none,ACTION_A,ACTION_A,ACCEPT,1,,0,0,0,1,ACCEPT,0,1,0,0,stop,0,630
grok-4-1-fast-reasoning,dilemma_ncot,neutral,02QO91zHK0SAi005MocMXbRJi2YSiG3n,0,ACTION_A,person_a_advocate,ACTION_B,ACTION_A,ACTION_A,REJECT,1,unresolvable,299,1,0,1,REJECT,1,1,0,1,stop,0,661
grok-4-1-fast-reasoning,dilemma_ncot,neutral,02QO91zHK0SAi005MocMXbRJi2YSiG3n,0,ACTION_A,person_b_advocate,ACTION_A,ACTION_A,ACTION_A,ACCEPT,1,,0,0,0,0,ACCEPT,0,1,0,0,stop,0,688
grok-4-1-fast-reasoning,dilemma_ncot,neutral,02QO91zHK0SAi005MocMXbRJi2YSiG3n,0,ACTION_A,neutral_adjudicator,none,ACTION_A,ACTION_A,ACCEPT,1,,0,0,0,0,ACCEPT,0,1,0,0,stop,0,689
grok-4-1-fast-reasoning,dilemma_ncot,neutral,01B9fVAQzCHCaSvP3nlqNNMUEpBLu7Y8,0,ACTION_A,person_a_advocate,ACTION_B,UNRESOLVED,ACTION_B,ACCEPT,1,,0,0,0,0,REJECT,1,1,0,,stop,0,608
grok-4-1-fast-reasoning,dilemma_ncot,neutral,01B9fVAQzCHCaSvP3nlqNNMUEpBLu7Y8,0,ACTION_A,person_b_advocate,ACTION_A,UNRESOLVED,ACTION_B,REJECT,1,unresolvable,225,1,0,1,ACCEPT,0,1,1,,stop,0,505
grok-4-1-fast-reasoning,dilemma_ncot,neutral,01B9fVAQzCHCaSvP3nlqNNMUEpBLu7Y8,0,ACTION_A,neutral_adjudicator,none,UNRESOLVED,ACTION_B,REJECT,1,unresolvable,136,1,0,1,ACCEPT,0,1,1,,stop,0,423
grok-4-1-fast-reasoning,dilemma_ncot,neutral,02mVScJiwGI80GHSTanFyy5nPBfl6KDL,0,ACTION_A,person_a_advocate,ACTION_B,ACTION_B,ACTION_B,ACCEPT,1,,0,0,0,1,ACCEPT,0,1,0,0,stop,0,430
grok-4-1-fast-reasoning,dilemma_ncot,neutral,02mVScJiwGI80GHSTanFyy5nPBfl6KDL,0,ACTION_A,person_b_advocate,ACTION_A,ACTION_B,ACTION_B,REJECT,1,unresolvable,411,1,0,1,REJECT,1,1,0,1,stop,0,529
grok-4-1-fast-reasoning,dilemma_ncot,neutral,02mVScJiwGI80GHSTanFyy5nPBfl6KDL,0,ACTION_A,neutral_adjudicator,none,ACTION_B,ACTION_B,ACCEPT,1,,0,0,0,1,ACCEPT,0,1,0,0,stop,0,506
grok-4-1-fast-reasoning,dilemma_ncot,neutral,03Fr1U2Oohza1TVLopqRxVSHMrMhAMmV,0,ACTION_A,person_a_advocate,ACTION_B,ACTION_B,ACTION_B,ACCEPT,1,,0,0,0,1,ACCEPT,0,1,0,0,stop,0,574
grok-4-1-fast-reasoning,dilemma_ncot,neutral,03Fr1U2Oohza1TVLopqRxVSHMrMhAMmV,0,ACTION_A,person_b_advocate,ACTION_A,ACTION_B,ACTION_B,REJECT,1,unresolvable,231,1,0,1,REJECT,1,1,0,1,stop,0,627
grok-4-1-fast-reasoning,dilemma_ncot,neutral,03Fr1U2Oohza1TVLopqRxVSHMrMhAMmV,0,ACTION_A,neutral_adjudicator,none,ACTION_B,ACTION_B,ACCEPT,1,,0,0,0,1,ACCEPT,0,1,0,0,stop,0,531
grok-4-1-fast-reasoning,dilemma_ncot,neutral,03Lj0nocBE5aWp6mrK41DmZ2f3gx8Pln,0,ACTION_A,person_a_advocate,ACTION_B,ACTION_B,ACTION_B,ACCEPT,1,,0,0,0,1,ACCEPT,0,1,0,0,stop,0,485
grok-4-1-fast-reasoning,dilemma_ncot,neutral,03Lj0nocBE5aWp6mrK41DmZ2f3gx8Pln,0,ACTION_A,person_b_advocate,ACTION_A,ACTION_B,ACTION_B,REJECT,1,unresolvable,171,1,0,1,ACCEPT,0,1,1,1,stop,0,511
grok-4-1-fast-reasoning,dilemma_ncot,neutral,03Lj0nocBE5aWp6mrK41DmZ2f3gx8Pln,0,ACTION_A,neutral_adjudicator,none,ACTION_B,ACTION_B,ACCEPT,1,,0,0,0,1,ACCEPT,0,1,0,0,stop,0,491
grok-4-1-fast-reasoning,dilemma_ncot,neutral,03U5aCj3j2X3qSIacEK8hHwJRl36HUyz,0,ACTION_A,person_a_advocate,ACTION_B,ACTION_B,ACTION_B,ACCEPT,1,,0,0,0,0,ACCEPT,0,1,0,0,stop,0,508
grok-4-1-fast-reasoning,dilemma_ncot,neutral,03U5aCj3j2X3qSIacEK8hHwJRl36HUyz,0,ACTION_A,person_b_advocate,ACTION_A,ACTION_B,ACTION_B,REJECT,1,unresolvable,329,1,0,1,REJECT,1,1,0,1,stop,0,501
grok-4-1-fast-reasoning,dilemma_ncot,neutral,03U5aCj3j2X3qSIacEK8hHwJRl36HUyz,0,ACTION_A,neutral_adjudicator,none,ACTION_B,ACTION_B,ACCEPT,1,,0,0,0,0,ACCEPT,0,1,0,0,stop,0,455
grok-4-1-fast-reasoning,dilemma_ncot,neutral,03R1lw31ZiHrbKQD5WXZTRUOGRi6OAHH,0,ACTION_A,person_a_advocate,ACTION_B,ACTION_B,ACTION_B,ACCEPT,1,,0,0,0,1,ACCEPT,0,1,0,0,stop,0,679
grok-4-1-fast-reasoning,dilemma_ncot,neutral,03R1lw31ZiHrbKQD5WXZTRUOGRi6OAHH,0,ACTION_A,person_b_advocate,ACTION_A,ACTION_B,ACTION_B,REJECT,1,unresolvable,365,1,0,1,REJECT,1,1,0,1,stop,0,661
grok-4-1-fast-reasoning,dilemma_ncot,neutral,03R1lw31ZiHrbKQD5WXZTRUOGRi6OAHH,0,ACTION_A,neutral_adjudicator,none,ACTION_B,ACTION_B,REJECT,1,unresolvable,137,1,0,1,ACCEPT,0,1,1,0,stop,0,695
grok-4-1-fast-reasoning,dilemma_ncot,neutral,03zUPlPH9vIvhpWerqPWPlWnKqyPHncJ,0,ACTION_A,person_a_advocate,ACTION_B,ACTION_B,ACTION_B,ACCEPT,1,,0,0,0,1,ACCEPT,0,1,0,0,stop,0,439
grok-4-1-fast-reasoning,dilemma_ncot,neutral,03zUPlPH9vIvhpWerqPWPlWnKqyPHncJ,0,ACTION_A,person_b_advocate,ACTION_A,ACTION_B,ACTION_B,REJECT,1,unresolvable,488,1,0,1,REJECT,1,1,0,1,stop,0,593
grok-4-1-fast-reasoning,dilemma_ncot,neutral,03zUPlPH9vIvhpWerqPWPlWnKqyPHncJ,0,ACTION_A,neutral_adjudicator,none,ACTION_B,ACTION_B,ACCEPT,1,,0,0,0,1,ACCEPT,0,1,0,0,stop,0,408
grok-4-1-fast-reasoning,dilemma_ncot,neutral,05znH21viLKgFjlik0x5CQotGVFma9pB,0,ACTION_A,person_a_advocate,ACTION_B,ACTION_A,ACTION_A,REJECT,1,,0,1,1,0,REJECT,1,1,0,1,stop,0,889
grok-4-1-fast-reasoning,dilemma_ncot,neutral,05znH21viLKgFjlik0x5CQotGVFma9pB,0,ACTION_A,person_b_advocate,ACTION_A,ACTION_A,ACTION_A,ACCEPT,1,,0,0,0,1,ACCEPT,0,1,0,0,stop,0,441
grok-4-1-fast-reasoning,dilemma_ncot,neutral,05znH21viLKgFjlik0x5CQotGVFma9pB,0,ACTION_A,neutral_adjudicator,none,ACTION_A,ACTION_A,ACCEPT,1,,0,0,0,1,ACCEPT,0,1,0,0,stop,0,455
grok-4-1-fast-reasoning,dilemma_ncot,neutral,04T7eIYm3fi90Z3KezIveYra63fvtNJl,0,ACTION_A,person_a_advocate,ACTION_B,ACTION_B,ACTION_B,ACCEPT,1,,0,0,0,1,ACCEPT,0,1,0,0,stop,0,491
grok-4-1-fast-reasoning,dilemma_ncot,neutral,04T7eIYm3fi90Z3KezIveYra63fvtNJl,0,ACTION_A,person_b_advocate,ACTION_A,ACTION_B,ACTION_B,REJECT,1,unresolvable,236,1,0,1,REJECT,1,1,0,1,stop,0,713
grok-4-1-fast-reasoning,dilemma_ncot,neutral,04T7eIYm3fi90Z3KezIveYra63fvtNJl,0,ACTION_A,neutral_adjudicator,none,ACTION_B,ACTION_B,ACCEPT,1,,0,0,0,1,ACCEPT,0,1,0,0,stop,0,467
grok-4-1-fast-reasoning,dilemma_ncot,neutral,06kGYsEXCRY1e2ImjkvzgRGVIVpUiGWx,0,ACTION_A,person_a_advocate,ACTION_B,ACTION_A,ACTION_A,REJECT,1,unresolvable,309,1,0,1,REJECT,1,1,0,1,stop,0,639
grok-4-1-fast-reasoning,dilemma_ncot,neutral,06kGYsEXCRY1e2ImjkvzgRGVIVpUiGWx,0,ACTION_A,person_b_advocate,ACTION_A,ACTION_A,ACTION_A,ACCEPT,1,,0,0,0,1,ACCEPT,0,1,0,0,stop,0,414
grok-4-1-fast-reasoning,dilemma_ncot,neutral,06kGYsEXCRY1e2ImjkvzgRGVIVpUiGWx,0,ACTION_A,neutral_adjudicator,none,ACTION_A,ACTION_A,ACCEPT,1,,0,0,0,1,ACCEPT,0,1,0,0,stop,0,511
grok-4-1-fast-reasoning,dilemma_ncot,neutral,06mYv8yDR6I187tpw1RYn0fVJcBm3b99,0,ACTION_A,person_a_advocate,ACTION_B,ACTION_B,ACTION_B,ACCEPT,1,,0,0,0,1,ACCEPT,0,1,0,0,stop,0,489
grok-4-1-fast-reasoning,dilemma_ncot,neutral,06mYv8yDR6I187tpw1RYn0fVJcBm3b99,0,ACTION_A,person_b_advocate,ACTION_A,ACTION_B,ACTION_B,REJECT,1,unresolvable,316,1,0,1,REJECT,1,1,0,1,stop,0,539
grok-4-1-fast-reasoning,dilemma_ncot,neutral,06mYv8yDR6I187tpw1RYn0fVJcBm3b99,0,ACTION_A,neutral_adjudicator,none,ACTION_B,ACTION_B,ACCEPT,1,,0,0,0,1,ACCEPT,0,1,0,0,stop,0,616
grok-4-1-fast-reasoning,dilemma_ncot,neutral,07n6caMWjHdXuuADZmUkGxHjeWBBciBI,0,ACTION_A,person_a_advocate,ACTION_B,ACTION_A,ACTION_A,REJECT,1,unresolvable,231,1,0,0,REJECT,1,1,0,1,stop,0,576
grok-4-1-fast-reasoning,dilemma_ncot,neutral,07n6caMWjHdXuuADZmUkGxHjeWBBciBI,0,ACTION_A,person_b_advocate,ACTION_A,ACTION_A,ACTION_A,ACCEPT,1,,0,0,0,1,ACCEPT,0,1,0,0,stop,0,472
grok-4-1-fast-reasoning,dilemma_ncot,neutral,07n6caMWjHdXuuADZmUkGxHjeWBBciBI,0,ACTION_A,neutral_adjudicator,none,ACTION_A,ACTION_A,ACCEPT,1,,0,0,0,1,ACCEPT,0,1,0,0,stop,0,462
grok-4-1-fast-reasoning,dilemma_ncot,neutral,0868KTVS6QW678Cv6gnOo6R3Rsua6Zan,0,ACTION_A,person_a_advocate,ACTION_B,ACTION_A,ACTION_A,REJECT,1,unresolvable,220,1,0,1,ACCEPT,0,1,1,1,stop,0,593
grok-4-1-fast-reasoning,dilemma_ncot,neutral,0868KTVS6QW678Cv6gnOo6R3Rsua6Zan,0,ACTION_A,person_b_advocate,ACTION_A,ACTION_A,ACTION_A,ACCEPT,1,,0,0,0,0,ACCEPT,0,1,0,0,stop,0,514
grok-4-1-fast-reasoning,dilemma_ncot,neutral,0868KTVS6QW678Cv6gnOo6R3Rsua6Zan,0,ACTION_A,neutral_adjudicator,none,ACTION_A,ACTION_A,ACCEPT,1,,0,0,0,0,ACCEPT,0,1,0,0,stop,0,550
grok-4-1-fast-reasoning,dilemma_ncot,neutral,08U39jexDNnCu0G6JlwrYpTf6fkmAYrZ,0,ACTION_A,person_a_advocate,ACTION_B,ACTION_B,ACTION_B,ACCEPT,1,,0,0,0,1,ACCEPT,0,1,0,0,stop,0,400
grok-4-1-fast-reasoning,dilemma_ncot,neutral,08U39jexDNnCu0G6JlwrYpTf6fkmAYrZ,0,ACTION_A,person_b_advocate,ACTION_A,ACTION_B,ACTION_B,REJECT,1,unresolvable,318,1,0,0,REJECT,1,1,0,1,stop,0,586
grok-4-1-fast-reasoning,dilemma_ncot,neutral,08U39jexDNnCu0G6JlwrYpTf6fkmAYrZ,0,ACTION_A,neutral_adjudicator,none,ACTION_B,ACTION_B,ACCEPT,1,,0,0,0,1,ACCEPT,0,1,0,0,stop,0,507
grok-4-1-fast-reasoning,dilemma_ncot,neutral,0AFFeRXgHnZu2okUBvpDLfv75KwaUyA2,0,ACTION_A,person_a_advocate,ACTION_B,ACTION_A,ACTION_A,REJECT,1,,0,1,1,0,REJECT,1,1,0,1,stop,0,756
grok-4-1-fast-reasoning,dilemma_ncot,neutral,0AFFeRXgHnZu2okUBvpDLfv75KwaUyA2,0,ACTION_A,person_b_advocate,ACTION_A,ACTION_A,ACTION_A,ACCEPT,1,,0,0,0,1,ACCEPT,0,1,0,0,stop,0,399
grok-4-1-fast-reasoning,dilemma_ncot,neutral,0AFFeRXgHnZu2okUBvpDLfv75KwaUyA2,0,ACTION_A,neutral_adjudicator,none,ACTION_A,ACTION_A,ACCEPT,1,,0,0,0,1,ACCEPT,0,1,0,0,stop,0,417
grok-4-1-fast-reasoning,dilemma_ncot,neutral,09p6eg9XSqYXPgSmV8cDZCkTCMpdAyt1,0,ACTION_A,person_a_advocate,ACTION_B,ACTION_B,ACTION_B,ACCEPT,1,,0,0,0,1,ACCEPT,0,1,0,0,stop,0,426
grok-4-1-fast-reasoning,dilemma_ncot,neutral,09p6eg9XSqYXPgSmV8cDZCkTCMpdAyt1,0,ACTION_A,person_b_advocate,ACTION_A,ACTION_B,ACTION_B,REJECT,1,unresolvable,356,1,0,1,REJECT,1,1,0,1,stop,0,519
grok-4-1-fast-reasoning,dilemma_ncot,neutral,09p6eg9XSqYXPgSmV8cDZCkTCMpdAyt1,0,ACTION_A,neutral_adjudicator,none,ACTION_B,ACTION_B,ACCEPT,1,,0,0,0,1,ACCEPT,0,1,0,0,stop,0,585
grok-4-1-fast-reasoning,dilemma_ncot,neutral,0AmEklSV0Zi3YVbjXHpPJgg4MCDWwGJ9,0,ACTION_A,person_a_advocate,ACTION_B,ACTION_A,ACTION_A,REJECT,1,unresolvable,667,1,0,1,ACCEPT,0,1,1,1,stop,0,590
grok-4-1-fast-reasoning,dilemma_ncot,neutral,0AmEklSV0Zi3YVbjXHpPJgg4MCDWwGJ9,0,ACTION_A,person_b_advocate,ACTION_A,ACTION_A,ACTION_A,ACCEPT,1,,0,0,0,1,ACCEPT,0,1,0,0,stop,0,464
grok-4-1-fast-reasoning,dilemma_ncot,neutral,0AmEklSV0Zi3YVbjXHpPJgg4MCDWwGJ9,0,ACTION_A,neutral_adjudicator,none,ACTION_A,ACTION_A,ACCEPT,1,,0,0,0,1,ACCEPT,0,1,0,0,stop,0,531
grok-4-1-fast-reasoning,dilemma_ncot,neutral,0BX2quMJqkfLZcECWAPhZYgOEcUlqmKR,0,ACTION_A,person_a_advocate,ACTION_B,ACTION_A,ACTION_A,REJECT,1,unresolvable,369,1,0,1,ACCEPT,0,1,1,1,stop,0,494
grok-4-1-fast-reasoning,dilemma_ncot,neutral,0BX2quMJqkfLZcECWAPhZYgOEcUlqmKR,0,ACTION_A,person_b_advocate,ACTION_A,ACTION_A,ACTION_A,ACCEPT,1,,0,0,0,0,ACCEPT,0,1,0,0,stop,0,447
grok-4-1-fast-reasoning,dilemma_ncot,neutral,0BX2quMJqkfLZcECWAPhZYgOEcUlqmKR,0,ACTION_A,neutral_adjudicator,none,ACTION_A,ACTION_A,ACCEPT,1,,0,0,0,0,ACCEPT,0,1,0,0,stop,0,484
grok-4-1-fast-reasoning,dilemma_ncot,neutral,0BYb5BZWAwwunfoItWWIKCECJlqGSNLo,0,ACTION_A,person_a_advocate,ACTION_B,ACTION_A,ACTION_A,REJECT,1,unresolvable,381,1,0,1,REJECT,1,1,0,1,stop,0,444
grok-4-1-fast-reasoning,dilemma_ncot,neutral,0BYb5BZWAwwunfoItWWIKCECJlqGSNLo,0,ACTION_A,person_b_advocate,ACTION_A,ACTION_A,ACTION_A,ACCEPT,1,,0,0,0,1,ACCEPT,0,1,0,0,stop,0,579
grok-4-1-fast-reasoning,dilemma_ncot,neutral,0BYb5BZWAwwunfoItWWIKCECJlqGSNLo,0,ACTION_A,neutral_adjudicator,none,ACTION_A,ACTION_A,ACCEPT,1,,0,0,0,1,ACCEPT,0,1,0,0,stop,0,483
grok-4-1-fast-reasoning,dilemma_ncot,neutral,0DR4UD9Gt7IsU7q5F4UaZKOdITHbggBH,0,ACTION_A,person_a_advocate,ACTION_B,ACTION_A,ACTION_A,REJECT,1,unresolvable,352,1,0,1,REJECT,1,1,0,1,stop,0,618
grok-4-1-fast-reasoning,dilemma_ncot,neutral,0DR4UD9Gt7IsU7q5F4UaZKOdITHbggBH,0,ACTION_A,person_b_advocate,ACTION_A,ACTION_A,ACTION_A,ACCEPT,1,,0,0,0,1,ACCEPT,0,1,0,0,stop,0,472
grok-4-1-fast-reasoning,dilemma_ncot,neutral,0DR4UD9Gt7IsU7q5F4UaZKOdITHbggBH,0,ACTION_A,neutral_adjudicator,none,ACTION_A,ACTION_A,ACCEPT,1,,0,0,0,1,ACCEPT,0,1,0,0,stop,0,383
grok-4-1-fast-reasoning,dilemma_ncot,neutral,0DfT6yPHfvbD9W6vGCosO0WFElp7Krc6,0,ACTION_A,person_a_advocate,ACTION_B,ACTION_B,ACTION_B,ACCEPT,1,,0,0,0,1,ACCEPT,0,1,0,0,stop,0,478
grok-4-1-fast-reasoning,dilemma_ncot,neutral,0DfT6yPHfvbD9W6vGCosO0WFElp7Krc6,0,ACTION_A,person_b_advocate,ACTION_A,ACTION_B,ACTION_B,REJECT,1,unresolvable,204,1,0,1,REJECT,1,1,0,1,stop,0,715
grok-4-1-fast-reasoning,dilemma_ncot,neutral,0DfT6yPHfvbD9W6vGCosO0WFElp7Krc6,0,ACTION_A,neutral_adjudicator,none,ACTION_B,ACTION_B,ACCEPT,1,,0,0,0,1,ACCEPT,0,1,0,0,stop,0,494
grok-4-1-fast-reasoning,dilemma_ncot,neutral,0De810wwvxHbB60bZAeisaArfgtN4GJ8,0,ACTION_A,person_a_advocate,ACTION_B,ACTION_A,ACTION_A,REJECT,1,unresolvable,366,1,0,1,REJECT,1,1,0,1,stop,0,719
grok-4-1-fast-reasoning,dilemma_ncot,neutral,0De810wwvxHbB60bZAeisaArfgtN4GJ8,0,ACTION_A,person_b_advocate,ACTION_A,ACTION_A,ACTION_A,ACCEPT,1,,0,0,0,0,ACCEPT,0,1,0,0,stop,0,556
grok-4-1-fast-reasoning,dilemma_ncot,neutral,0De810wwvxHbB60bZAeisaArfgtN4GJ8,0,ACTION_A,neutral_adjudicator,none,ACTION_A,ACTION_A,ACCEPT,1,,0,0,0,0,ACCEPT,0,1,0,0,stop,0,540
grok-4-1-fast-reasoning,dilemma_ncot,neutral,0Drp9RDa2BoX2cTaswig8bw6DMoMs9xt,0,ACTION_A,person_a_advocate,ACTION_B,ACTION_B,ACTION_B,ACCEPT,1,,0,0,0,1,ACCEPT,0,1,0,0,stop,0,495
grok-4-1-fast-reasoning,dilemma_ncot,neutral,0Drp9RDa2BoX2cTaswig8bw6DMoMs9xt,0,ACTION_A,person_b_advocate,ACTION_A,ACTION_B,ACTION_B,REJECT,1,unresolvable,552,1,0,1,REJECT,1,1,0,1,stop,0,625
grok-4-1-fast-reasoning,dilemma_ncot,neutral,0Drp9RDa2BoX2cTaswig8bw6DMoMs9xt,0,ACTION_A,neutral_adjudicator,none,ACTION_B,ACTION_B,ACCEPT,1,,0,0,0,1,ACCEPT,0,1,0,0,stop,0,396
grok-4-1-fast-reasoning,dilemma_ncot,neutral,0EoK5l5ZKoiRfR4CBczlQWPWhMy5Q1Px,0,ACTION_A,person_a_advocate,ACTION_B,ACTION_A,ACTION_A,REJECT,1,,0,1,1,0,REJECT,1,1,0,1,stop,0,718
grok-4-1-fast-reasoning,dilemma_ncot,neutral,0EoK5l5ZKoiRfR4CBczlQWPWhMy5Q1Px,0,ACTION_A,person_b_advocate,ACTION_A,ACTION_A,ACTION_A,ACCEPT,1,,0,0,0,1,ACCEPT,0,1,0,0,stop,0,463
grok-4-1-fast-reasoning,dilemma_ncot,neutral,0EoK5l5ZKoiRfR4CBczlQWPWhMy5Q1Px,0,ACTION_A,neutral_adjudicator,none,ACTION_A,ACTION_A,ACCEPT,1,,0,0,0,1,ACCEPT,0,1,0,0,stop,0,546
grok-4-1-fast-reasoning,dilemma_ncot,neutral,0EsMXCAUq7KcL1xZMoIYxBwbQJNbLT82,0,ACTION_A,person_a_advocate,ACTION_B,ACTION_A,ACTION_A,REJECT,1,,0,1,1,0,REJECT,1,1,0,1,stop,0,568
grok-4-1-fast-reasoning,dilemma_ncot,neutral,0EsMXCAUq7KcL1xZMoIYxBwbQJNbLT82,0,ACTION_A,person_b_advocate,ACTION_A,ACTION_A,ACTION_A,ACCEPT,1,,0,0,0,1,ACCEPT,0,1,0,0,stop,0,491
grok-4-1-fast-reasoning,dilemma_ncot,neutral,0EsMXCAUq7KcL1xZMoIYxBwbQJNbLT82,0,ACTION_A,neutral_adjudicator,none,ACTION_A,ACTION_A,ACCEPT,1,,0,0,0,1,ACCEPT,0,1,0,0,stop,0,432
grok-4-1-fast-reasoning,dilemma_ncot,neutral,0EfXGNHUWAxxBrjNeTHvdNFOPbB8zFsG,0,ACTION_A,person_a_advocate,ACTION_B,ACTION_B,ACTION_B,ACCEPT,1,,0,0,0,1,ACCEPT,0,1,0,0,stop,0,425
grok-4-1-fast-reasoning,dilemma_ncot,neutral,0EfXGNHUWAxxBrjNeTHvdNFOPbB8zFsG,0,ACTION_A,person_b_advocate,ACTION_A,ACTION_B,ACTION_B,REJECT,1,unresolvable,311,1,0,1,ACCEPT,0,1,1,1,stop,0,481
grok-4-1-fast-reasoning,dilemma_ncot,neutral,0EfXGNHUWAxxBrjNeTHvdNFOPbB8zFsG,0,ACTION_A,neutral_adjudicator,none,ACTION_B,ACTION_B,ACCEPT,1,,0,0,0,1,ACCEPT,0,1,0,0,stop,0,472
grok-4-1-fast-reasoning,dilemma_ncot,neutral,0FUcHdTDtdPewZnh8464V0S7mxyCXslq,0,ACTION_A,person_a_advocate,ACTION_B,ACTION_A,ACTION_A,REJECT,1,unresolvable,282,1,0,1,REJECT,1,1,0,1,stop,0,647
grok-4-1-fast-reasoning,dilemma_ncot,neutral,0FUcHdTDtdPewZnh8464V0S7mxyCXslq,0,ACTION_A,person_b_advocate,ACTION_A,ACTION_A,ACTION_A,ACCEPT,1,,0,0,0,0,ACCEPT,0,1,0,0,stop,0,551
grok-4-1-fast-reasoning,dilemma_ncot,neutral,0FUcHdTDtdPewZnh8464V0S7mxyCXslq,0,ACTION_A,neutral_adjudicator,none,ACTION_A,ACTION_A,ACCEPT,1,,0,0,0,0,ACCEPT,0,1,0,0,stop,0,397
grok-4-1-fast-reasoning,dilemma_ncot,neutral,0FfRdo5PZjPOx7dL5UV73XJ09d4sgIoz,0,ACTION_A,person_a_advocate,ACTION_B,ACTION_B,ACTION_B,ACCEPT,1,,0,0,0,1,ACCEPT,0,1,0,0,stop,0,404
grok-4-1-fast-reasoning,dilemma_ncot,neutral,0FfRdo5PZjPOx7dL5UV73XJ09d4sgIoz,0,ACTION_A,person_b_advocate,ACTION_A,ACTION_B,ACTION_B,REJECT,1,,0,1,1,0,REJECT,1,1,0,1,stop,0,545
grok-4-1-fast-reasoning,dilemma_ncot,neutral,0FfRdo5PZjPOx7dL5UV73XJ09d4sgIoz,0,ACTION_A,neutral_adjudicator,none,ACTION_B,ACTION_B,ACCEPT,1,,0,0,0,1,ACCEPT,0,1,0,0,stop,0,539
grok-4-1-fast-reasoning,dilemma_ncot,neutral,0FnUjtXGF69Mwfo8JeJzgzb8nRil4l6m,0,ACTION_A,person_a_advocate,ACTION_B,ACTION_A,ACTION_A,REJECT,1,unresolvable,161,1,0,1,REJECT,1,1,0,1,stop,0,535
grok-4-1-fast-reasoning,dilemma_ncot,neutral,0FnUjtXGF69Mwfo8JeJzgzb8nRil4l6m,0,ACTION_A,person_b_advocate,ACTION_A,ACTION_A,ACTION_A,ACCEPT,1,,0,0,0,1,ACCEPT,0,1,0,0,stop,0,402
grok-4-1-fast-reasoning,dilemma_ncot,neutral,0FnUjtXGF69Mwfo8JeJzgzb8nRil4l6m,0,ACTION_A,neutral_adjudicator,none,ACTION_A,ACTION_A,ACCEPT,1,,0,0,0,1,ACCEPT,0,1,0,0,stop,0,537
grok-4-1-fast-reasoning,dilemma_ncot,neutral,0FskZrAqqo7rsqtvHNQ1BEDvX9ByLmZU,0,ACTION_A,person_a_advocate,ACTION_B,ACTION_A,ACTION_A,REJECT,1,,0,1,1,0,REJECT,1,1,0,1,stop,0,801
grok-4-1-fast-reasoning,dilemma_ncot,neutral,0FskZrAqqo7rsqtvHNQ1BEDvX9ByLmZU,0,ACTION_A,person_b_advocate,ACTION_A,ACTION_A,ACTION_A,ACCEPT,1,,0,0,0,1,ACCEPT,0,1,0,0,stop,0,465
grok-4-1-fast-reasoning,dilemma_ncot,neutral,0FskZrAqqo7rsqtvHNQ1BEDvX9ByLmZU,0,ACTION_A,neutral_adjudicator,none,ACTION_A,ACTION_A,ACCEPT,1,,0,0,0,1,ACCEPT,0,1,0,0,stop,0,591
grok-4-1-fast-reasoning,dilemma_ncot,neutral,0GHNajAvKWDVBUv6NHVT2liUoiycAk4N,0,ACTION_A,person_a_advocate,ACTION_B,ACTION_B,ACTION_B,ACCEPT,1,,0,0,0,1,ACCEPT,0,1,0,0,stop,0,460
grok-4-1-fast-reasoning,dilemma_ncot,neutral,0GHNajAvKWDVBUv6NHVT2liUoiycAk4N,0,ACTION_A,person_b_advocate,ACTION_A,ACTION_B,ACTION_B,REJECT,1,unresolvable,413,1,0,1,ACCEPT,0,1,1,1,stop,0,426
grok-4-1-fast-reasoning,dilemma_ncot,neutral,0GHNajAvKWDVBUv6NHVT2liUoiycAk4N,0,ACTION_A,neutral_adjudicator,none,ACTION_B,ACTION_B,ACCEPT,1,,0,0,0,1,ACCEPT,0,1,0,0,stop,0,560
grok-4-1-fast-reasoning,dilemma_ncot,neutral,0Gl9ptCVCB2YKQnTYZ8hVyvsW57XWZos,0,ACTION_A,person_a_advocate,ACTION_B,ACTION_A,ACTION_A,ACCEPT_WITH_MODIFICATION,1,modification,432,1,0,1,REJECT,1,1,0,1,stop,0,555
grok-4-1-fast-reasoning,dilemma_ncot,neutral,0Gl9ptCVCB2YKQnTYZ8hVyvsW57XWZos,0,ACTION_A,person_b_advocate,ACTION_A,ACTION_A,ACTION_A,ACCEPT,1,,0,0,0,0,ACCEPT,0,1,0,0,stop,0,494
grok-4-1-fast-reasoning,dilemma_ncot,neutral,0Gl9ptCVCB2YKQnTYZ8hVyvsW57XWZos,0,ACTION_A,neutral_adjudicator,none,ACTION_A,ACTION_A,ACCEPT,1,,0,0,0,0,ACCEPT,0,1,0,0,stop,0,436
grok-4-1-fast-reasoning,dilemma_ncot,neutral,0HXS0SQ1keHgY2M4Da4k7M2m4Y3rFMCi,0,ACTION_A,person_a_advocate,ACTION_B,ACTION_A,ACTION_A,REJECT,1,unresolvable,432,1,0,1,REJECT,1,1,0,1,stop,0,449
grok-4-1-fast-reasoning,dilemma_ncot,neutral,0HXS0SQ1keHgY2M4Da4k7M2m4Y3rFMCi,0,ACTION_A,person_b_advocate,ACTION_A,ACTION_A,ACTION_A,ACCEPT,1,,0,0,0,1,ACCEPT,0,1,0,0,stop,0,366
grok-4-1-fast-reasoning,dilemma_ncot,neutral,0HXS0SQ1keHgY2M4Da4k7M2m4Y3rFMCi,0,ACTION_A,neutral_adjudicator,none,ACTION_A,ACTION_A,ACCEPT,1,,0,0,0,1,ACCEPT,0,1,0,0,stop,0,591
grok-4-1-fast-reasoning,dilemma_ncot,neutral,0H37cIiDdVEr2OIo9y4Lv4IZfzqJoFcr,0,ACTION_A,person_a_advocate,ACTION_B,ACTION_A,ACTION_A,REJECT,1,unresolvable,321,1,0,1,ACCEPT,0,1,1,1,stop,0,460
grok-4-1-fast-reasoning,dilemma_ncot,neutral,0H37cIiDdVEr2OIo9y4Lv4IZfzqJoFcr,0,ACTION_A,person_b_advocate,ACTION_A,ACTION_A,ACTION_A,ACCEPT,1,,0,0,0,0,ACCEPT,0,1,0,0,stop,0,461
grok-4-1-fast-reasoning,dilemma_ncot,neutral,0H37cIiDdVEr2OIo9y4Lv4IZfzqJoFcr,0,ACTION_A,neutral_adjudicator,none,ACTION_A,ACTION_A,ACCEPT_WITH_MODIFICATION,1,modification,220,1,0,1,ACCEPT,0,1,1,0,stop,0,556
grok-4-1-fast-reasoning,dilemma_ncot,neutral,00Duo16uVUdUSpUBbkN8SlSoRclIiPkY,0,ACTION_B,person_a_advocate,ACTION_B,ACTION_B,ACTION_B,ACCEPT,1,,0,0,0,1,ACCEPT,0,1,0,0,stop,0,398
grok-4-1-fast-reasoning,dilemma_ncot,neutral,00Duo16uVUdUSpUBbkN8SlSoRclIiPkY,0,ACTION_B,person_b_advocate,ACTION_A,ACTION_B,ACTION_B,ACCEPT_WITH_MODIFICATION,1,,0,1,1,1,REJECT,1,1,0,1,stop,0,618
grok-4-1-fast-reasoning,dilemma_ncot,neutral,00Duo16uVUdUSpUBbkN8SlSoRclIiPkY,0,ACTION_B,neutral_adjudicator,none,ACTION_B,ACTION_B,ACCEPT,1,,0,0,0,1,ACCEPT,0,1,0,0,stop,0,477
grok-4-1-fast-reasoning,dilemma_ncot,neutral,00EeXmzlHsilQu1SyQuLVJYy4sq37vP9,0,ACTION_B,person_a_advocate,ACTION_B,ACTION_A,ACTION_A,REJECT,1,,0,1,1,0,REJECT,1,1,0,1,stop,0,619
grok-4-1-fast-reasoning,dilemma_ncot,neutral,00EeXmzlHsilQu1SyQuLVJYy4sq37vP9,0,ACTION_B,person_b_advocate,ACTION_A,ACTION_A,ACTION_A,ACCEPT,1,,0,0,0,1,ACCEPT,0,1,0,0,stop,0,446
grok-4-1-fast-reasoning,dilemma_ncot,neutral,00EeXmzlHsilQu1SyQuLVJYy4sq37vP9,0,ACTION_B,neutral_adjudicator,none,ACTION_A,ACTION_A,ACCEPT,1,,0,0,0,1,ACCEPT,0,1,0,0,stop,0,488
grok-4-1-fast-reasoning,dilemma_ncot,neutral,00krXj8FDvN8VW4qMiIdmlIKFPh41nZd,0,ACTION_B,person_a_advocate,ACTION_B,ACTION_B,ACTION_B,ACCEPT,1,,0,0,0,1,ACCEPT,0,1,0,0,stop,0,543
grok-4-1-fast-reasoning,dilemma_ncot,neutral,00krXj8FDvN8VW4qMiIdmlIKFPh41nZd,0,ACTION_B,person_b_advocate,ACTION_A,ACTION_B,ACTION_B,REJECT,1,,0,1,1,0,REJECT,1,1,0,1,stop,0,640
grok-4-1-fast-reasoning,dilemma_ncot,neutral,00krXj8FDvN8VW4qMiIdmlIKFPh41nZd,0,ACTION_B,neutral_adjudicator,none,ACTION_B,ACTION_B,ACCEPT,1,,0,0,0,1,ACCEPT,0,1,0,0,stop,0,582
grok-4-1-fast-reasoning,dilemma_ncot,neutral,01Ub2fSxh9BUQG0nsbCaPjO5pPUCEk0J,0,ACTION_B,person_a_advocate,ACTION_B,ACTION_B,ACTION_B,ACCEPT,1,,0,0,0,0,ACCEPT,0,1,0,0,stop,0,437
grok-4-1-fast-reasoning,dilemma_ncot,neutral,01Ub2fSxh9BUQG0nsbCaPjO5pPUCEk0J,0,ACTION_B,person_b_advocate,ACTION_A,ACTION_B,ACTION_B,REJECT,1,unresolvable,254,1,0,1,REJECT,1,1,0,1,stop,0,530
grok-4-1-fast-reasoning,dilemma_ncot,neutral,01Ub2fSxh9BUQG0nsbCaPjO5pPUCEk0J,0,ACTION_B,neutral_adjudicator,none,ACTION_B,ACTION_B,ACCEPT,1,,0,0,0,0,ACCEPT,0,1,0,0,stop,0,524
grok-4-1-fast-reasoning,dilemma_ncot,neutral,023seqtIbYe1lHxOl3nvgPv55AdoUuiT,0,ACTION_B,person_a_advocate,ACTION_B,ACTION_B,ACTION_B,ACCEPT,1,,0,0,0,1,ACCEPT,0,1,0,0,stop,0,461
grok-4-1-fast-reasoning,dilemma_ncot,neutral,023seqtIbYe1lHxOl3nvgPv55AdoUuiT,0,ACTION_B,person_b_advocate,ACTION_A,ACTION_B,ACTION_B,REJECT,1,,0,1,1,0,REJECT,1,1,0,1,stop,0,650
grok-4-1-fast-reasoning,dilemma_ncot,neutral,023seqtIbYe1lHxOl3nvgPv55AdoUuiT,0,ACTION_B,neutral_adjudicator,none,ACTION_B,ACTION_B,ACCEPT,1,,0,0,0,1,ACCEPT,0,1,0,0,stop,0,410
grok-4-1-fast-reasoning,dilemma_ncot,neutral,01bpPlr0EMEzBmPcfggohy0owEcHQT9X,0,ACTION_B,person_a_advocate,ACTION_B,UNRESOLVED,UNRESOLVED,REJECT,1,unresolvable,398,1,0,1,REJECT,1,1,0,,stop,0,622
grok-4-1-fast-reasoning,dilemma_ncot,neutral,01bpPlr0EMEzBmPcfggohy0owEcHQT9X,0,ACTION_B,person_b_advocate,ACTION_A,UNRESOLVED,UNRESOLVED,ACCEPT,1,,0,0,0,1,ACCEPT,0,1,0,,stop,0,460
grok-4-1-fast-reasoning,dilemma_ncot,neutral,01bpPlr0EMEzBmPcfggohy0owEcHQT9X,0,ACTION_B,neutral_adjudicator,none,UNRESOLVED,UNRESOLVED,ACCEPT,1,,0,0,0,1,ACCEPT,0,1,0,,stop,0,474
grok-4-1-fast-reasoning,dilemma_ncot,neutral,02PUuJZ7W72Dro19WBiEC5SRsQVp7j7y,0,ACTION_B,person_a_advocate,ACTION_B,ACTION_B,ACTION_B,ACCEPT,1,,0,0,0,1,ACCEPT,0,1,0,0,stop,0,552
grok-4-1-fast-reasoning,dilemma_ncot,neutral,02PUuJZ7W72Dro19WBiEC5SRsQVp7j7y,0,ACTION_B,person_b_advocate,ACTION_A,ACTION_B,ACTION_B,REJECT,1,unresolvable,212,1,0,0,REJECT,1,1,0,1,stop,0,625
grok-4-1-fast-reasoning,dilemma_ncot,neutral,02PUuJZ7W72Dro19WBiEC5SRsQVp7j7y,0,ACTION_B,neutral_adjudicator,none,ACTION_B,ACTION_B,ACCEPT,1,,0,0,0,1,ACCEPT,0,1,0,0,stop,0,492
grok-4-1-fast-reasoning,dilemma_ncot,neutral,03DnitrOlbIoBRWrxPvRH2fNqpKnLT11,0,ACTION_B,person_a_advocate,ACTION_B,ACTION_A,ACTION_A,REJECT,1,unresolvable,337,1,0,1,REJECT,1,1,0,1,stop,0,447
grok-4-1-fast-reasoning,dilemma_ncot,neutral,03DnitrOlbIoBRWrxPvRH2fNqpKnLT11,0,ACTION_B,person_b_advocate,ACTION_A,ACTION_A,ACTION_A,ACCEPT,1,,0,0,0,0,ACCEPT,0,1,0,0,stop,0,511
grok-4-1-fast-reasoning,dilemma_ncot,neutral,03DnitrOlbIoBRWrxPvRH2fNqpKnLT11,0,ACTION_B,neutral_adjudicator,none,ACTION_A,ACTION_A,ACCEPT,1,,0,0,0,0,ACCEPT,0,1,0,0,stop,0,538
grok-4-1-fast-reasoning,dilemma_ncot,neutral,04kFQPCeCNaV4hnZeo3k1v2nyiX7IxQn,0,ACTION_B,person_a_advocate,ACTION_B,ACTION_B,ACTION_B,ACCEPT,1,,0,0,0,1,ACCEPT,0,1,0,0,stop,0,334
grok-4-1-fast-reasoning,dilemma_ncot,neutral,04kFQPCeCNaV4hnZeo3k1v2nyiX7IxQn,0,ACTION_B,person_b_advocate,ACTION_A,ACTION_B,ACTION_B,REJECT,1,unresolvable,477,1,0,1,REJECT,1,1,0,1,stop,0,657
grok-4-1-fast-reasoning,dilemma_ncot,neutral,04kFQPCeCNaV4hnZeo3k1v2nyiX7IxQn,0,ACTION_B,neutral_adjudicator,none,ACTION_B,ACTION_B,ACCEPT,1,,0,0,0,1,ACCEPT,0,1,0,0,stop,0,612
grok-4-1-fast-reasoning,dilemma_ncot,neutral,05X71hUIktHroqG9Kq2zqiXZSAtROG02,0,ACTION_B,person_a_advocate,ACTION_B,ACTION_B,ACTION_B,ACCEPT,1,,0,0,0,1,ACCEPT,0,1,0,0,stop,0,353
grok-4-1-fast-reasoning,dilemma_ncot,neutral,05X71hUIktHroqG9Kq2zqiXZSAtROG02,0,ACTION_B,person_b_advocate,ACTION_A,ACTION_B,ACTION_B,REJECT,1,unresolvable,392,1,0,1,REJECT,1,1,0,1,stop,0,744
grok-4-1-fast-reasoning,dilemma_ncot,neutral,05X71hUIktHroqG9Kq2zqiXZSAtROG02,0,ACTION_B,neutral_adjudicator,none,ACTION_B,ACTION_B,ACCEPT,1,,0,0,0,1,ACCEPT,0,1,0,0,stop,0,499
grok-4-1-fast-reasoning,dilemma_ncot,neutral,06Q37xHBzFqBL3WyAT67ky4IIKzUUYz5,0,ACTION_B,person_a_advocate,ACTION_B,ACTION_A,ACTION_A,REJECT,1,,0,1,1,0,REJECT,1,1,0,1,stop,0,619
grok-4-1-fast-reasoning,dilemma_ncot,neutral,06Q37xHBzFqBL3WyAT67ky4IIKzUUYz5,0,ACTION_B,person_b_advocate,ACTION_A,ACTION_A,ACTION_A,ACCEPT,1,,0,0,0,1,ACCEPT,0,1,0,0,stop,0,528
grok-4-1-fast-reasoning,dilemma_ncot,neutral,06Q37xHBzFqBL3WyAT67ky4IIKzUUYz5,0,ACTION_B,neutral_adjudicator,none,ACTION_A,ACTION_A,ACCEPT,1,,0,0,0,1,ACCEPT,0,1,0,0,stop,0,432
grok-4-1-fast-reasoning,dilemma_ncot,neutral,06oGgIQLI8fIVpxeamwQP3dHs0bL9a6x,0,ACTION_B,person_a_advocate,ACTION_B,ACTION_B,ACTION_B,ACCEPT,1,,0,0,0,1,ACCEPT,0,1,0,0,stop,0,528
grok-4-1-fast-reasoning,dilemma_ncot,neutral,06oGgIQLI8fIVpxeamwQP3dHs0bL9a6x,0,ACTION_B,person_b_advocate,ACTION_A,ACTION_B,ACTION_B,REJECT,1,unresolvable,332,1,0,1,REJECT,1,1,0,1,stop,0,482
grok-4-1-fast-reasoning,dilemma_ncot,neutral,06oGgIQLI8fIVpxeamwQP3dHs0bL9a6x,0,ACTION_B,neutral_adjudicator,none,ACTION_B,ACTION_B,ACCEPT,1,,0,0,0,1,ACCEPT,0,1,0,0,stop,0,490
grok-4-1-fast-reasoning,dilemma_ncot,neutral,06rXx8ZA2IA6yyUoU8vaGA3dTlWVx1Xf,0,ACTION_B,person_a_advocate,ACTION_B,ACTION_B,ACTION_B,ACCEPT,1,,0,0,0,1,ACCEPT,0,1,0,0,stop,0,489
grok-4-1-fast-reasoning,dilemma_ncot,neutral,06rXx8ZA2IA6yyUoU8vaGA3dTlWVx1Xf,0,ACTION_B,person_b_advocate,ACTION_A,ACTION_B,ACTION_B,REJECT,1,,0,1,1,0,REJECT,1,1,0,1,stop,0,637
grok-4-1-fast-reasoning,dilemma_ncot,neutral,06rXx8ZA2IA6yyUoU8vaGA3dTlWVx1Xf,0,ACTION_B,neutral_adjudicator,none,ACTION_B,ACTION_B,ACCEPT,1,,0,0,0,1,ACCEPT,0,1,0,0,stop,0,492
grok-4-1-fast-reasoning,dilemma_ncot,neutral,08GJzez4xGdfj1bYQ87xfaymsuTRy2qx,0,ACTION_B,person_a_advocate,ACTION_B,ACTION_B,ACTION_B,ACCEPT,1,,0,0,0,0,ACCEPT,0,1,0,0,stop,0,490
grok-4-1-fast-reasoning,dilemma_ncot,neutral,08GJzez4xGdfj1bYQ87xfaymsuTRy2qx,0,ACTION_B,person_b_advocate,ACTION_A,ACTION_B,ACTION_B,REJECT,1,unresolvable,445,1,0,1,REJECT,1,1,0,1,stop,0,498
grok-4-1-fast-reasoning,dilemma_ncot,neutral,08GJzez4xGdfj1bYQ87xfaymsuTRy2qx,0,ACTION_B,neutral_adjudicator,none,ACTION_B,ACTION_B,ACCEPT,1,,0,0,0,0,ACCEPT,0,1,0,0,stop,0,539
grok-4-1-fast-reasoning,dilemma_ncot,neutral,07AAMwt3Hl3QjQrV7IQyZ9YCGPUAPUpR,0,ACTION_B,person_a_advocate,ACTION_B,ACTION_B,ACTION_B,ACCEPT,1,,0,0,0,0,ACCEPT,0,1,0,0,stop,0,518
grok-4-1-fast-reasoning,dilemma_ncot,neutral,07AAMwt3Hl3QjQrV7IQyZ9YCGPUAPUpR,0,ACTION_B,person_b_advocate,ACTION_A,ACTION_B,ACTION_B,REJECT,1,unresolvable,368,1,0,1,REJECT,1,1,0,1,stop,0,539
grok-4-1-fast-reasoning,dilemma_ncot,neutral,07AAMwt3Hl3QjQrV7IQyZ9YCGPUAPUpR,0,ACTION_B,neutral_adjudicator,none,ACTION_B,ACTION_B,ACCEPT,1,,0,0,0,0,ACCEPT,0,1,0,0,stop,0,398
grok-4-1-fast-reasoning,dilemma_ncot,neutral,08rO90nwI86hpfkFgj8ATh7PFRJtJUiR,0,ACTION_B,person_a_advocate,ACTION_B,ACTION_B,ACTION_B,ACCEPT,1,,0,0,0,1,ACCEPT,0,1,0,0,stop,0,418
grok-4-1-fast-reasoning,dilemma_ncot,neutral,08rO90nwI86hpfkFgj8ATh7PFRJtJUiR,0,ACTION_B,person_b_advocate,ACTION_A,ACTION_B,ACTION_B,REJECT,1,,0,1,1,0,REJECT,1,1,0,1,stop,0,727
grok-4-1-fast-reasoning,dilemma_ncot,neutral,08rO90nwI86hpfkFgj8ATh7PFRJtJUiR,0,ACTION_B,neutral_adjudicator,none,ACTION_B,ACTION_B,ACCEPT,1,,0,0,0,1,ACCEPT,0,1,0,0,stop,0,360
grok-4-1-fast-reasoning,dilemma_ncot,neutral,09Ivg3PddMJYx35CZMC1stk0Umnwym7B,0,ACTION_B,person_a_advocate,ACTION_B,ACTION_B,ACTION_B,ACCEPT,1,,0,0,0,1,ACCEPT,0,1,0,0,stop,0,471
grok-4-1-fast-reasoning,dilemma_ncot,neutral,09Ivg3PddMJYx35CZMC1stk0Umnwym7B,0,ACTION_B,person_b_advocate,ACTION_A,ACTION_B,ACTION_B,REJECT,1,unresolvable,222,1,0,1,REJECT,1,1,0,1,stop,0,606
grok-4-1-fast-reasoning,dilemma_ncot,neutral,09Ivg3PddMJYx35CZMC1stk0Umnwym7B,0,ACTION_B,neutral_adjudicator,none,ACTION_B,ACTION_B,ACCEPT,1,,0,0,0,1,ACCEPT,0,1,0,0,stop,0,474
grok-4-1-fast-reasoning,dilemma_ncot,neutral,0AHHScET5lQgGKTZXGfukap8lQvkOfoW,0,ACTION_B,person_a_advocate,ACTION_B,ACTION_A,ACTION_A,REJECT,1,,0,1,1,0,REJECT,1,1,0,1,stop,0,744
grok-4-1-fast-reasoning,dilemma_ncot,neutral,0AHHScET5lQgGKTZXGfukap8lQvkOfoW,0,ACTION_B,person_b_advocate,ACTION_A,ACTION_A,ACTION_A,ACCEPT,1,,0,0,0,1,ACCEPT,0,1,0,0,stop,0,339
grok-4-1-fast-reasoning,dilemma_ncot,neutral,0AHHScET5lQgGKTZXGfukap8lQvkOfoW,0,ACTION_B,neutral_adjudicator,none,ACTION_A,ACTION_A,ACCEPT,1,,0,0,0,1,ACCEPT,0,1,0,0,stop,0,467
grok-4-1-fast-reasoning,dilemma_ncot,neutral,09Y3NFgxNoTUdDW6XCIxXunJvq2gXFqg,0,ACTION_B,person_a_advocate,ACTION_B,UNRESOLVED,UNRESOLVED,REJECT,1,,0,1,1,0,REJECT,1,1,0,,stop,0,546
grok-4-1-fast-reasoning,dilemma_ncot,neutral,09Y3NFgxNoTUdDW6XCIxXunJvq2gXFqg,0,ACTION_B,person_b_advocate,ACTION_A,UNRESOLVED,UNRESOLVED,ACCEPT,1,,0,0,0,1,ACCEPT,0,1,0,,stop,0,485
grok-4-1-fast-reasoning,dilemma_ncot,neutral,09Y3NFgxNoTUdDW6XCIxXunJvq2gXFqg,0,ACTION_B,neutral_adjudicator,none,UNRESOLVED,UNRESOLVED,ACCEPT,1,,0,0,0,1,ACCEPT,0,1,0,,stop,0,387
grok-4-1-fast-reasoning,dilemma_ncot,neutral,09RjG291S4nOdi61LSILGzcUvPsjSyt1,0,ACTION_B,person_a_advocate,ACTION_B,ACTION_B,ACTION_B,ACCEPT,1,,0,0,0,0,ACCEPT,0,1,0,0,stop,0,393
grok-4-1-fast-reasoning,dilemma_ncot,neutral,09RjG291S4nOdi61LSILGzcUvPsjSyt1,0,ACTION_B,person_b_advocate,ACTION_A,ACTION_B,ACTION_B,REJECT,1,unresolvable,168,1,0,1,REJECT,1,1,0,1,stop,0,508
grok-4-1-fast-reasoning,dilemma_ncot,neutral,09RjG291S4nOdi61LSILGzcUvPsjSyt1,0,ACTION_B,neutral_adjudicator,none,ACTION_B,ACTION_B,ACCEPT,1,,0,0,0,0,ACCEPT,0,1,0,0,stop,0,408
grok-4-1-fast-reasoning,dilemma_ncot,neutral,0AbgiuwxqLWuYiR3S8aKfcoUXaSePjsL,0,ACTION_B,person_a_advocate,ACTION_B,ACTION_B,ACTION_B,ACCEPT,1,,0,0,0,1,ACCEPT,0,1,0,0,stop,0,480
grok-4-1-fast-reasoning,dilemma_ncot,neutral,0AbgiuwxqLWuYiR3S8aKfcoUXaSePjsL,0,ACTION_B,person_b_advocate,ACTION_A,ACTION_B,ACTION_B,REJECT,1,unresolvable,365,1,0,1,ACCEPT,0,1,1,1,stop,0,415
grok-4-1-fast-reasoning,dilemma_ncot,neutral,0AbgiuwxqLWuYiR3S8aKfcoUXaSePjsL,0,ACTION_B,neutral_adjudicator,none,ACTION_B,ACTION_B,ACCEPT,1,,0,0,0,1,ACCEPT,0,1,0,0,stop,0,430
grok-4-1-fast-reasoning,dilemma_ncot,neutral,0C7Ye7TwzKE4xDngt5VDOdeFYIkVnhFq,0,ACTION_B,person_a_advocate,ACTION_B,ACTION_B,ACTION_B,ACCEPT,1,,0,0,0,1,ACCEPT,0,1,0,0,stop,0,462
grok-4-1-fast-reasoning,dilemma_ncot,neutral,0C7Ye7TwzKE4xDngt5VDOdeFYIkVnhFq,0,ACTION_B,person_b_advocate,ACTION_A,ACTION_B,ACTION_B,REJECT,1,,0,1,1,0,REJECT,1,1,0,1,stop,0,623
grok-4-1-fast-reasoning,dilemma_ncot,neutral,0C7Ye7TwzKE4xDngt5VDOdeFYIkVnhFq,0,ACTION_B,neutral_adjudicator,none,ACTION_B,ACTION_B,ACCEPT,1,,0,0,0,1,ACCEPT,0,1,0,0,stop,0,407
grok-4-1-fast-reasoning,dilemma_ncot,neutral,0BoqDEoAd8afBgsXNQPM5F71JaXwlmAK,0,ACTION_B,person_a_advocate,ACTION_B,ACTION_B,ACTION_B,ACCEPT,1,,0,0,0,0,ACCEPT,0,1,0,0,stop,0,449
grok-4-1-fast-reasoning,dilemma_ncot,neutral,0BoqDEoAd8afBgsXNQPM5F71JaXwlmAK,0,ACTION_B,person_b_advocate,ACTION_A,ACTION_B,ACTION_B,REJECT,1,unresolvable,314,1,0,1,ACCEPT,0,1,1,1,stop,0,552
grok-4-1-fast-reasoning,dilemma_ncot,neutral,0BoqDEoAd8afBgsXNQPM5F71JaXwlmAK,0,ACTION_B,neutral_adjudicator,none,ACTION_B,ACTION_B,ACCEPT,1,,0,0,0,0,ACCEPT,0,1,0,0,stop,0,601
grok-4-1-fast-reasoning,dilemma_ncot,neutral,0AnlEBB1Ug9azaQ1w4wP44o6eueZwTL6,0,ACTION_B,person_a_advocate,ACTION_B,ACTION_B,ACTION_B,ACCEPT,1,,0,0,0,1,ACCEPT,0,1,0,0,stop,0,517
grok-4-1-fast-reasoning,dilemma_ncot,neutral,0AnlEBB1Ug9azaQ1w4wP44o6eueZwTL6,0,ACTION_B,person_b_advocate,ACTION_A,ACTION_B,ACTION_B,REJECT,1,unresolvable,135,1,0,1,REJECT,1,1,0,1,stop,0,603
grok-4-1-fast-reasoning,dilemma_ncot,neutral,0AnlEBB1Ug9azaQ1w4wP44o6eueZwTL6,0,ACTION_B,neutral_adjudicator,none,ACTION_B,ACTION_B,ACCEPT,1,,0,0,0,1,ACCEPT,0,1,0,0,stop,0,389
grok-4-1-fast-reasoning,dilemma_ncot,neutral,0CSGMUsDzm7zVkEFAlVZPwOA6JJgHaFC,0,ACTION_B,person_a_advocate,ACTION_B,ACTION_B,ACTION_B,ACCEPT,1,,0,0,0,1,ACCEPT,0,1,0,0,stop,0,493
grok-4-1-fast-reasoning,dilemma_ncot,neutral,0CSGMUsDzm7zVkEFAlVZPwOA6JJgHaFC,0,ACTION_B,person_b_advocate,ACTION_A,ACTION_B,ACTION_B,REJECT,1,,0,1,1,0,REJECT,1,1,0,1,stop,0,736
grok-4-1-fast-reasoning,dilemma_ncot,neutral,0CSGMUsDzm7zVkEFAlVZPwOA6JJgHaFC,0,ACTION_B,neutral_adjudicator,none,ACTION_B,ACTION_B,ACCEPT,1,,0,0,0,1,ACCEPT,0,1,0,0,stop,0,452
grok-4-1-fast-reasoning,dilemma_ncot,neutral,0DHzWIs7rEfPPmhJuYVmGYbVefwmVxho,0,ACTION_B,person_a_advocate,ACTION_B,ACTION_B,ACTION_B,ACCEPT,1,,0,0,0,0,ACCEPT,0,1,0,0,stop,0,455
grok-4-1-fast-reasoning,dilemma_ncot,neutral,0DHzWIs7rEfPPmhJuYVmGYbVefwmVxho,0,ACTION_B,person_b_advocate,ACTION_A,ACTION_B,ACTION_B,REJECT,1,unresolvable,235,1,0,1,ACCEPT,0,1,1,1,stop,0,476
grok-4-1-fast-reasoning,dilemma_ncot,neutral,0DHzWIs7rEfPPmhJuYVmGYbVefwmVxho,0,ACTION_B,neutral_adjudicator,none,ACTION_B,ACTION_B,ACCEPT,1,,0,0,0,0,ACCEPT,0,1,0,0,stop,0,410
grok-4-1-fast-reasoning,dilemma_ncot,neutral,0DeZwvTwXja57LdWMJpaK7QpZWUcGaJd,0,ACTION_B,person_a_advocate,ACTION_B,ACTION_A,ACTION_A,REJECT,1,unresolvable,190,1,0,1,REJECT,1,1,0,1,stop,0,558
grok-4-1-fast-reasoning,dilemma_ncot,neutral,0DeZwvTwXja57LdWMJpaK7QpZWUcGaJd,0,ACTION_B,person_b_advocate,ACTION_A,ACTION_A,ACTION_A,ACCEPT,1,,0,0,0,0,ACCEPT,0,1,0,0,stop,0,515
grok-4-1-fast-reasoning,dilemma_ncot,neutral,0DeZwvTwXja57LdWMJpaK7QpZWUcGaJd,0,ACTION_B,neutral_adjudicator,none,ACTION_A,ACTION_A,ACCEPT,1,,0,0,0,0,ACCEPT,0,1,0,0,stop,0,555
grok-4-1-fast-reasoning,dilemma_ncot,neutral,0EHBaxQ67U5F4TPqgQtLP4OimxPYvhHf,0,ACTION_B,person_a_advocate,ACTION_B,ACTION_B,ACTION_B,ACCEPT,1,,0,0,0,1,ACCEPT,0,1,0,0,stop,0,505
grok-4-1-fast-reasoning,dilemma_ncot,neutral,0EHBaxQ67U5F4TPqgQtLP4OimxPYvhHf,0,ACTION_B,person_b_advocate,ACTION_A,ACTION_B,ACTION_B,REJECT,1,unresolvable,324,1,0,1,ACCEPT,0,1,1,1,stop,0,554
grok-4-1-fast-reasoning,dilemma_ncot,neutral,0EHBaxQ67U5F4TPqgQtLP4OimxPYvhHf,0,ACTION_B,neutral_adjudicator,none,ACTION_B,ACTION_B,ACCEPT,1,,0,0,0,1,ACCEPT,0,1,0,0,stop,0,574
grok-4-1-fast-reasoning,dilemma_ncot,neutral,0GZWHL0bUrADiUytoJElAd3lDF9okSU8,0,ACTION_B,person_a_advocate,ACTION_B,ACTION_A,ACTION_A,REJECT,1,,0,1,1,0,REJECT,1,1,0,1,stop,0,694
grok-4-1-fast-reasoning,dilemma_ncot,neutral,0GZWHL0bUrADiUytoJElAd3lDF9okSU8,0,ACTION_B,person_b_advocate,ACTION_A,ACTION_A,ACTION_A,ACCEPT,1,,0,0,0,1,ACCEPT,0,1,0,0,stop,0,402
grok-4-1-fast-reasoning,dilemma_ncot,neutral,0GZWHL0bUrADiUytoJElAd3lDF9okSU8,0,ACTION_B,neutral_adjudicator,none,ACTION_A,ACTION_A,ACCEPT,1,,0,0,0,1,ACCEPT,0,1,0,0,stop,0,503
grok-4-1-fast-reasoning,dilemma_ncot,neutral,0GLLk57xOhdckGH3lPqDFTiFOx4V4VcD,0,ACTION_B,person_a_advocate,ACTION_B,ACTION_B,ACTION_B,ACCEPT,1,,0,0,0,1,ACCEPT,0,1,0,0,stop,0,473
grok-4-1-fast-reasoning,dilemma_ncot,neutral,0GLLk57xOhdckGH3lPqDFTiFOx4V4VcD,0,ACTION_B,person_b_advocate,ACTION_A,ACTION_B,ACTION_B,REJECT,1,unresolvable,561,1,0,1,REJECT,1,1,0,1,stop,0,614
grok-4-1-fast-reasoning,dilemma_ncot,neutral,0GLLk57xOhdckGH3lPqDFTiFOx4V4VcD,0,ACTION_B,neutral_adjudicator,none,ACTION_B,ACTION_B,ACCEPT,1,,0,0,0,1,ACCEPT,0,1,0,0,stop,0,565
grok-4-1-fast-reasoning,dilemma_ncot,neutral,0GbdWBEooLhgd4fzaIErXxAoiBxLT90P,0,ACTION_B,person_a_advocate,ACTION_B,ACTION_B,ACTION_B,ACCEPT,1,,0,0,0,0,ACCEPT,0,1,0,0,stop,0,363
grok-4-1-fast-reasoning,dilemma_ncot,neutral,0GbdWBEooLhgd4fzaIErXxAoiBxLT90P,0,ACTION_B,person_b_advocate,ACTION_A,ACTION_B,ACTION_B,REJECT,1,unresolvable,271,1,0,1,REJECT,1,1,0,1,stop,0,639
grok-4-1-fast-reasoning,dilemma_ncot,neutral,0GbdWBEooLhgd4fzaIErXxAoiBxLT90P,0,ACTION_B,neutral_adjudicator,none,ACTION_B,ACTION_B,ACCEPT,1,,0,0,0,0,ACCEPT,0,1,0,0,stop,0,428
grok-4-1-fast-reasoning,dilemma_ncot,neutral,0HaPP56WSfhpSOMcipgaRvTiDOVLCWj0,0,ACTION_B,person_a_advocate,ACTION_B,ACTION_B,ACTION_B,ACCEPT,1,,0,0,0,1,ACCEPT,0,1,0,0,stop,0,368
grok-4-1-fast-reasoning,dilemma_ncot,neutral,0HaPP56WSfhpSOMcipgaRvTiDOVLCWj0,0,ACTION_B,person_b_advocate,ACTION_A,ACTION_B,ACTION_B,ACCEPT_WITH_MODIFICATION,1,,0,1,1,1,ACCEPT,0,1,1,1,stop,0,532
grok-4-1-fast-reasoning,dilemma_ncot,neutral,0HaPP56WSfhpSOMcipgaRvTiDOVLCWj0,0,ACTION_B,neutral_adjudicator,none,ACTION_B,ACTION_B,ACCEPT,1,,0,0,0,1,ACCEPT,0,1,0,0,stop,0,458
grok-4-1-fast-reasoning,dilemma_ncot,neutral,0IfOSOkNPfQsOdzCLJFiVgbiimKJyhLv,0,ACTION_B,person_a_advocate,ACTION_B,ACTION_B,ACTION_B,ACCEPT,1,,0,0,0,1,ACCEPT,0,1,0,0,stop,0,526
grok-4-1-fast-reasoning,dilemma_ncot,neutral,0IfOSOkNPfQsOdzCLJFiVgbiimKJyhLv,0,ACTION_B,person_b_advocate,ACTION_A,ACTION_B,ACTION_B,REJECT,1,unresolvable,183,1,0,1,REJECT,1,1,0,1,stop,0,578
grok-4-1-fast-reasoning,dilemma_ncot,neutral,0IfOSOkNPfQsOdzCLJFiVgbiimKJyhLv,0,ACTION_B,neutral_adjudicator,none,ACTION_B,ACTION_B,ACCEPT,1,,0,0,0,1,ACCEPT,0,1,0,0,stop,0,558
grok-4-1-fast-reasoning,dilemma_ncot,neutral,0I8lm2VTKM5diQacohxh9inSRChHZcWA,0,ACTION_B,person_a_advocate,ACTION_B,UNRESOLVED,UNRESOLVED,REJECT,1,unresolvable,356,1,0,1,ACCEPT,0,1,1,,stop,0,624
grok-4-1-fast-reasoning,dilemma_ncot,neutral,0I8lm2VTKM5diQacohxh9inSRChHZcWA,0,ACTION_B,person_b_advocate,ACTION_A,UNRESOLVED,UNRESOLVED,REJECT,1,unresolvable,357,1,0,1,REJECT,1,1,0,,stop,0,678
grok-4-1-fast-reasoning,dilemma_ncot,neutral,0I8lm2VTKM5diQacohxh9inSRChHZcWA,0,ACTION_B,neutral_adjudicator,none,UNRESOLVED,UNRESOLVED,ACCEPT,1,,0,0,0,1,REJECT,1,1,0,,stop,0,441
grok-4-1-fast-reasoning,dilemma_ncot,neutral,0JERer1XpsEgGuwNw7U46K5d8BsBZa84,0,ACTION_B,person_a_advocate,ACTION_B,UNRESOLVED,UNRESOLVED,ACCEPT_WITH_MODIFICATION,1,modification,237,1,0,0,REJECT,1,1,0,,stop,0,513
grok-4-1-fast-reasoning,dilemma_ncot,neutral,0JERer1XpsEgGuwNw7U46K5d8BsBZa84,0,ACTION_B,person_b_advocate,ACTION_A,UNRESOLVED,UNRESOLVED,ACCEPT,1,,0,0,0,1,ACCEPT,0,1,0,,stop,0,449
grok-4-1-fast-reasoning,dilemma_ncot,neutral,0JERer1XpsEgGuwNw7U46K5d8BsBZa84,0,ACTION_B,neutral_adjudicator,none,UNRESOLVED,UNRESOLVED,ACCEPT,1,,0,0,0,1,ACCEPT,0,1,0,,stop,0,424
grok-4-1-fast-reasoning,dilemma_ncot,neutral,0KEVYyvdZUxditAMRL7rFVw10sc6wm5F,0,ACTION_B,person_a_advocate,ACTION_B,ACTION_B,ACTION_B,ACCEPT,1,,0,0,0,1,ACCEPT,0,1,0,0,stop,0,424
grok-4-1-fast-reasoning,dilemma_ncot,neutral,0KEVYyvdZUxditAMRL7rFVw10sc6wm5F,0,ACTION_B,person_b_advocate,ACTION_A,ACTION_B,ACTION_B,REJECT,1,unresolvable,217,1,0,1,REJECT,1,1,0,1,stop,0,589
grok-4-1-fast-reasoning,dilemma_ncot,neutral,0KEVYyvdZUxditAMRL7rFVw10sc6wm5F,0,ACTION_B,neutral_adjudicator,none,ACTION_B,ACTION_B,ACCEPT,1,,0,0,0,1,ACCEPT,0,1,0,0,stop,0,313
grok-4-1-fast-reasoning,dilemma_ncot,neutral,0MuQbtiyq570TLMwS1ADuD4MrCnYSIoL,0,ACTION_B,person_a_advocate,ACTION_B,ACTION_B,ACTION_B,ACCEPT,1,,0,0,0,1,ACCEPT,0,1,0,0,stop,0,479
grok-4-1-fast-reasoning,dilemma_ncot,neutral,0MuQbtiyq570TLMwS1ADuD4MrCnYSIoL,0,ACTION_B,person_b_advocate,ACTION_A,ACTION_B,ACTION_B,REJECT,1,,0,1,1,0,REJECT,1,1,0,1,stop,0,735
grok-4-1-fast-reasoning,dilemma_ncot,neutral,0MuQbtiyq570TLMwS1ADuD4MrCnYSIoL,0,ACTION_B,neutral_adjudicator,none,ACTION_B,ACTION_B,ACCEPT,1,,0,0,0,1,ACCEPT,0,1,0,0,stop,0,585
grok-4-1-fast-reasoning,dilemma_ncot,neutral,0LXf2LOfQeETIac3DSMaoajgeqdmz8K3,0,ACTION_B,person_a_advocate,ACTION_B,ACTION_B,ACTION_B,ACCEPT,1,,0,0,0,0,ACCEPT,0,1,0,0,stop,0,523
grok-4-1-fast-reasoning,dilemma_ncot,neutral,0LXf2LOfQeETIac3DSMaoajgeqdmz8K3,0,ACTION_B,person_b_advocate,ACTION_A,ACTION_B,ACTION_B,REJECT,1,unresolvable,466,1,0,1,ACCEPT,0,1,1,1,stop,0,450
grok-4-1-fast-reasoning,dilemma_ncot,neutral,0LXf2LOfQeETIac3DSMaoajgeqdmz8K3,0,ACTION_B,neutral_adjudicator,none,ACTION_B,ACTION_B,ACCEPT,1,,0,0,0,0,ACCEPT,0,1,0,0,stop,0,428
grok-4-1-fast-reasoning,dilemma_ncot,neutral,0PAA0TxreorLuYWIi7Tvm7eBC0Q9wo6J,0,ACTION_B,person_a_advocate,ACTION_B,ACTION_B,ACTION_B,ACCEPT,1,,0,0,0,0,ACCEPT,0,1,0,0,stop,0,352
grok-4-1-fast-reasoning,dilemma_ncot,neutral,0PAA0TxreorLuYWIi7Tvm7eBC0Q9wo6J,0,ACTION_B,person_b_advocate,ACTION_A,ACTION_B,ACTION_B,REJECT,1,unresolvable,248,1,0,1,ACCEPT,0,1,1,1,stop,0,366
grok-4-1-fast-reasoning,dilemma_ncot,neutral,0PAA0TxreorLuYWIi7Tvm7eBC0Q9wo6J,0,ACTION_B,neutral_adjudicator,none,ACTION_B,ACTION_B,ACCEPT,1,,0,0,0,0,ACCEPT,0,1,0,0,stop,0,496
grok-4-1-fast-reasoning,dilemma_ncot,neutral,0QoU7GY7qEJdVoDbOs38RK6C84xhfjeB,0,ACTION_B,person_a_advocate,ACTION_B,ACTION_B,ACTION_B,ACCEPT,1,,0,0,0,1,ACCEPT,0,1,0,0,stop,0,595
grok-4-1-fast-reasoning,dilemma_ncot,neutral,0QoU7GY7qEJdVoDbOs38RK6C84xhfjeB,0,ACTION_B,person_b_advocate,ACTION_A,ACTION_B,ACTION_B,REJECT,1,,0,1,1,0,REJECT,1,1,0,1,stop,0,670
grok-4-1-fast-reasoning,dilemma_ncot,neutral,0QoU7GY7qEJdVoDbOs38RK6C84xhfjeB,0,ACTION_B,neutral_adjudicator,none,ACTION_B,ACTION_B,ACCEPT,1,,0,0,0,1,ACCEPT,0,1,0,0,stop,0,508
